[
    {
        "attendance": 2195304,
        "band_name": "filter_profiles_slipper",
        "is_indie": false
    },
    {
        "attendance": 3923838,
        "band_name": "sideline",
        "is_indie": false
    },
    {
        "attendance": 440487,
        "band_name": "fighter",
        "is_indie": false
    },
    {
        "attendance": 3771919,
        "band_name": "caterer_maximizer",
        "is_indie": false
    },
    {
        "attendance": 448356,
        "band_name": "goddess_blankly",
        "is_indie": false
    }
]