[
    {
        "attendance": 2187978,
        "band_name": "tar_lazy",
        "is_indie": false
    },
    {
        "attendance": 5407904,
        "band_name": "sari_drops_forcible",
        "is_indie": false
    },
    {
        "attendance": 3626260,
        "band_name": "brunette",
        "is_indie": false
    },
    {
        "attendance": 839759,
        "band_name": "august_occasion",
        "is_indie": true
    },
    {
        "attendance": 264019,
        "band_name": "noble_monsoon",
        "is_indie": true
    }
]