[
    {
        "attendance": 3380172,
        "band_name": "banded_lest_identification",
        "is_indie": false
    },
    {
        "attendance": 791438,
        "band_name": "scholar_although_slate",
        "is_indie": false
    },
    {
        "attendance": 1641346,
        "band_name": "kitchen_mute",
        "is_indie": false
    },
    {
        "attendance": 6801728,
        "band_name": "an_warrant",
        "is_indie": false
    },
    {
        "attendance": 3966737,
        "band_name": "sideline",
        "is_indie": false
    }
]