[
    {
        "attendance": 9292778,
        "band_name": "discharge",
        "is_indie": false
    },
    {
        "attendance": 467294,
        "band_name": "flock_store",
        "is_indie": true
    },
    {
        "attendance": 2022627,
        "band_name": "strawberry_hairpin",
        "is_indie": false
    },
    {
        "attendance": 502465,
        "band_name": "angler_tempestuous_cavity",
        "is_indie": false
    },
    {
        "attendance": 796281,
        "band_name": "banded_lest_identification",
        "is_indie": false
    }
]