[
    {
        "attendance": 472183,
        "band_name": "flyer_ketchup",
        "is_indie": false
    },
    {
        "attendance": 276180,
        "band_name": "angler_tempestuous_cavity",
        "is_indie": false
    },
    {
        "attendance": 4448558,
        "band_name": "zonal_relics",
        "is_indie": false
    },
    {
        "attendance": 2734602,
        "band_name": "scholar_although_slate",
        "is_indie": false
    },
    {
        "attendance": 903844,
        "band_name": "corrections_dynasty",
        "is_indie": false
    }
]