[
    {
        "attendance": 6831485,
        "band_name": "nary_washer",
        "is_indie": false
    },
    {
        "attendance": 3362370,
        "band_name": "pauper",
        "is_indie": true
    },
    {
        "attendance": 1299983,
        "band_name": "deception_monkeys_conditioner",
        "is_indie": false
    },
    {
        "attendance": 1209124,
        "band_name": "regenerator_rooftop",
        "is_indie": true
    },
    {
        "attendance": 1159523,
        "band_name": "giver_leash",
        "is_indie": false
    }
]