[
    {
        "attendance": 8287112,
        "band_name": "these_biologist_unguarded",
        "is_indie": true
    },
    {
        "attendance": 696888,
        "band_name": "some_custard",
        "is_indie": false
    },
    {
        "attendance": 7630211,
        "band_name": "either_radon_madras",
        "is_indie": true
    },
    {
        "attendance": 1776227,
        "band_name": "wanderer_soda",
        "is_indie": true
    },
    {
        "attendance": 2401684,
        "band_name": "fighter",
        "is_indie": false
    }
]