[
    {
        "attendance": 5186720,
        "band_name": "sari_drops_forcible",
        "is_indie": false
    },
    {
        "attendance": 697890,
        "band_name": "banded_lest_identification",
        "is_indie": false
    },
    {
        "attendance": 1654600,
        "band_name": "angler_tempestuous_cavity",
        "is_indie": false
    },
    {
        "attendance": 1462946,
        "band_name": "gorgeously_theorist",
        "is_indie": false
    },
    {
        "attendance": 1897480,
        "band_name": "activate_bill",
        "is_indie": false
    }
]