[
    {
        "attendance": 88212,
        "band_name": "goddess_blankly",
        "is_indie": false
    },
    {
        "attendance": 6040835,
        "band_name": "sari_drops_forcible",
        "is_indie": false
    },
    {
        "attendance": 2641148,
        "band_name": "brunette",
        "is_indie": false
    },
    {
        "attendance": 845122,
        "band_name": "fighter",
        "is_indie": false
    },
    {
        "attendance": 74576,
        "band_name": "sting_gross",
        "is_indie": false
    }
]