[
    {
        "attendance": 2024712,
        "band_name": "these_biologist_unguarded",
        "is_indie": true
    },
    {
        "attendance": 4402135,
        "band_name": "scholar_although_slate",
        "is_indie": false
    },
    {
        "attendance": 6134145,
        "band_name": "slipper_ripple",
        "is_indie": true
    },
    {
        "attendance": 8270294,
        "band_name": "an_warrant",
        "is_indie": false
    },
    {
        "attendance": 81804,
        "band_name": "hangmen_hotter",
        "is_indie": true
    }
]