[
    {
        "attendance": 6968941,
        "band_name": "an_warrant",
        "is_indie": false
    },
    {
        "attendance": 2671041,
        "band_name": "caterer_maximizer",
        "is_indie": false
    },
    {
        "attendance": 50157,
        "band_name": "goddess_blankly",
        "is_indie": false
    },
    {
        "attendance": 4051186,
        "band_name": "sideline",
        "is_indie": false
    },
    {
        "attendance": 8771387,
        "band_name": "brunette",
        "is_indie": false
    }
]