[
    {
        "attendance": 412538,
        "band_name": "flock_store",
        "is_indie": true
    },
    {
        "attendance": 5166753,
        "band_name": "these_biologist_unguarded",
        "is_indie": true
    },
    {
        "attendance": 541053,
        "band_name": "angler_tempestuous_cavity",
        "is_indie": false
    },
    {
        "attendance": 2089988,
        "band_name": "winer_retarder_florin",
        "is_indie": false
    },
    {
        "attendance": 1196034,
        "band_name": "filter_profiles_slipper",
        "is_indie": false
    }
]