[
    {
        "attendance": 1803831,
        "band_name": "nimble_crossroad_creamery",
        "is_indie": true
    },
    {
        "attendance": 841944,
        "band_name": "august_occasion",
        "is_indie": true
    },
    {
        "attendance": 3414422,
        "band_name": "an_warrant",
        "is_indie": false
    },
    {
        "attendance": 418565,
        "band_name": "outlast_uprising",
        "is_indie": false
    },
    {
        "attendance": 1688176,
        "band_name": "filter_profiles_slipper",
        "is_indie": false
    }
]