[
    {
        "attendance": 1662242,
        "band_name": "whence_hospital_die_rattle",
        "is_indie": true
    },
    {
        "attendance": 4964975,
        "band_name": "brunette",
        "is_indie": false
    },
    {
        "attendance": 1535506,
        "band_name": "filter_profiles_slipper",
        "is_indie": false
    },
    {
        "attendance": 2931386,
        "band_name": "hornet_annuals",
        "is_indie": false
    },
    {
        "attendance": 3106835,
        "band_name": "wanderer_soda",
        "is_indie": true
    }
]