[
    {
        "attendance": 4427691,
        "band_name": "winer_retarder_florin",
        "is_indie": false
    },
    {
        "attendance": 5066507,
        "band_name": "sari_drops_forcible",
        "is_indie": false
    },
    {
        "attendance": 2533018,
        "band_name": "whence_hospital_die_rattle",
        "is_indie": true
    },
    {
        "attendance": 2666128,
        "band_name": "breathe_ensemble",
        "is_indie": false
    },
    {
        "attendance": 1584702,
        "band_name": "ado_honeybee",
        "is_indie": false
    }
]