[
    {
        "attendance": 3531750,
        "band_name": "corrections_dynasty",
        "is_indie": false
    },
    {
        "attendance": 1529812,
        "band_name": "filter_profiles_slipper",
        "is_indie": false
    },
    {
        "attendance": 328889,
        "band_name": "tourist_clown_minefield",
        "is_indie": false
    },
    {
        "attendance": 3441395,
        "band_name": "banded_lest_identification",
        "is_indie": false
    },
    {
        "attendance": 31241,
        "band_name": "suitcase_interactivity",
        "is_indie": false
    }
]