[
    {
        "attendance": 578555,
        "band_name": "whence_hospital_die_rattle",
        "is_indie": true
    },
    {
        "attendance": 381018,
        "band_name": "scholar_although_slate",
        "is_indie": false
    },
    {
        "attendance": 5700600,
        "band_name": "sideline",
        "is_indie": false
    },
    {
        "attendance": 1436276,
        "band_name": "each_reverend",
        "is_indie": true
    },
    {
        "attendance": 5031195,
        "band_name": "kinky_gourmet",
        "is_indie": true
    }
]