[
    {
        "attendance": 512096,
        "band_name": "deception_monkeys_conditioner",
        "is_indie": false
    },
    {
        "attendance": 1218556,
        "band_name": "pauper",
        "is_indie": true
    },
    {
        "attendance": 1452462,
        "band_name": "regenerator_rooftop",
        "is_indie": true
    },
    {
        "attendance": 4034009,
        "band_name": "counterfeit_income_index",
        "is_indie": false
    },
    {
        "attendance": 8108313,
        "band_name": "unreliable_railway",
        "is_indie": false
    }
]