[
    {
        "attendance": 521076,
        "band_name": "kitchen_mute",
        "is_indie": false
    },
    {
        "attendance": 5950589,
        "band_name": "sari_drops_forcible",
        "is_indie": false
    },
    {
        "attendance": 2905839,
        "band_name": "either_classical",
        "is_indie": false
    },
    {
        "attendance": 240200,
        "band_name": "contracting",
        "is_indie": true
    },
    {
        "attendance": 1519734,
        "band_name": "artisan_pier",
        "is_indie": false
    }
]