[
    {
        "attendance": 2473838,
        "band_name": "dragons",
        "is_indie": true
    },
    {
        "attendance": 2177297,
        "band_name": "brunette",
        "is_indie": false
    },
    {
        "attendance": 406367,
        "band_name": "outlast_uprising",
        "is_indie": false
    },
    {
        "attendance": 5182577,
        "band_name": "some_custard",
        "is_indie": false
    },
    {
        "attendance": 1296986,
        "band_name": "breathe_ensemble",
        "is_indie": false
    }
]