[
    {
        "attendance": 3453105,
        "band_name": "slipper_ripple",
        "is_indie": true
    },
    {
        "attendance": 7212322,
        "band_name": "contracting",
        "is_indie": true
    },
    {
        "attendance": 1811795,
        "band_name": "wanderer_soda",
        "is_indie": true
    },
    {
        "attendance": 3891675,
        "band_name": "these_biologist_unguarded",
        "is_indie": true
    },
    {
        "attendance": 1676587,
        "band_name": "each_reverend",
        "is_indie": true
    }
]