[
    {
        "attendance": 31744,
        "band_name": "hangmen_hotter",
        "is_indie": true
    },
    {
        "attendance": 1335677,
        "band_name": "hornet_annuals",
        "is_indie": false
    },
    {
        "attendance": 1385818,
        "band_name": "suitcase_interactivity",
        "is_indie": false
    },
    {
        "attendance": 2526444,
        "band_name": "rats_dropper_woodman",
        "is_indie": false
    },
    {
        "attendance": 574295,
        "band_name": "outlast_uprising",
        "is_indie": false
    }
]